﻿NameSet,EmailAddress,CCNumber,Age
American,TerrenceHMock@rhyta.com,5213017928092861,29
American,EvaAMatsumura@cuvox.de,4539615581293344,21
American,EricaCEngman@fleckens.hu,4485991712675483,26
American,BettyLHopson@gustr.com,4539075897105734,35
American,KyleLCubbage@armyspy.com,5350740841712447,49
American,OscarMHostetter@teleworm.us,5436604423912718,85
American,FranciscoEParker@rhyta.com,4929915710380766,51
American,DavidJCorning@einrot.com,5161951319573281,54
American,WilliamDHutchings@rhyta.com,5268799095790583,85
American,FrederickDBurns@gustr.com,4929405669933906,65
